프로그램명,참여인원,응답수,만족도 평균(5점),재참여 의향(%),자유응답 요약
캡스톤디자인(1학기),268,171,4.35,88,기업 멘토 피드백이 실질적이었다는 의견 다수·발표회 준비 기간 부족 지적 12건·"한지우 교수님 지도 덕분에 완성" 등 교수 실명 언급 6건
캡스톤디자인(2학기),244,147,4.28,85,재료비 지원 상한이 낮다는 의견 21건·팀원 무임승차 문제 9건·본인 학번을 적은 응답 2건 포함
표준 현장실습학기제,231,144,4.02,71,실습 내용이 전공과 무관했다는 의견 18건·실습 수당 지급 지연 7건·"완전 시간 낭비였다" 강한 부정 1건·기업 담당자가 잘 챙겨 줬다는 긍정 33건
산학공동 교육과정(스마트팩토리 입문),96,74,4.41,90,현장 사례 중심 강의에 만족·과제 분량 과다 5건
창업 캠프(2박 3일),60,22,4.6,95,응답 수 적음·전원 긍정·"멘토 (주)가온테크 대표 강연이 인상적" 3건
기업 멘토링 데이(기업 대상),41,41,3.94,76,학생 준비도 편차 크다는 의견 14건·행정 서류가 많다 9건·기술 협업 기회로 이어져 만족 11건
재직자 교육(AI 데이터 분석 기초),236,158,4.12,79,수준 차이로 진도 불만 22건·수료 기준 안내 부족 8건·야간 개설 요청 15건
리빙랩 프로젝트(지역 상권 데이터),48,39,4.23,82,지자체 담당자와의 소통 만족·결과물 활용 여부 불확실 7건
산학협력 특강 시리즈(4회),412,203,3.88,64,연사 섭외는 좋았으나 참석 강제성(출석 인정)에 불만 31건·시간대 부적절 27건·내용 만족 58건
